"Source","Target"
"璉格?_Mockup??蝝?_摰?賢???05_SEO?I撌亙??01_SEO????灶?芯??I?批捆???銵冽.png","C:\Users\eric0\OneDrive\桌面\森映堂\SYT_Official_Website\docs\design\zip-imports\complete-named-safe\01-mockup-05-seo-i-01-seo-i.png"
"璉格?_Mockup??蝝?_摰?賢???05_SEO?I撌亙??02_AI?萎??銵冽_?撅勗?銝剔?AI?萎??銵冽.png","C:\Users\eric0\OneDrive\桌面\森映堂\SYT_Official_Website\docs\design\zip-imports\complete-named-safe\02-mockup-05-seo-i-02-ai-ai.png"
"璉格?_Mockup??蝝?_摰?賢???03_?餃????/02_?餃??Ｗ?撅內_?蝬?靽??餃?撅內.png","C:\Users\eric0\OneDrive\桌面\森映堂\SYT_Official_Website\docs\design\zip-imports\complete-named-safe\03-02.png"
"璉格?_Mockup??蝝?_摰?賢???03_?餃????/01_?餃?蝬脩?Hero_?芯?????鞈潛?湔.png","C:\Users\eric0\OneDrive\桌面\森映堂\SYT_Official_Website\docs\design\zip-imports\complete-named-safe\04-01-hero.png"
"璉格?_Mockup??蝝?_摰?賢???01_Hero銝餉?閬?03_擐?Hero?_????芯?撅勗?.png","C:\Users\eric0\OneDrive\桌面\森映堂\SYT_Official_Website\docs\design\zip-imports\complete-named-safe\05-mockup-01-hero-03-hero.png"
"璉格?_Mockup??蝝?_摰?賢???01_Hero銝餉?閬?02_擐?Hero_?撅勗?銝剔??芯?蝘?隞撅?.png","C:\Users\eric0\OneDrive\桌面\森映堂\SYT_Official_Website\docs\design\zip-imports\complete-named-safe\06-mockup-01-hero-02-hero.png"
"璉格?_Mockup??蝝?_摰?賢???02_?Ｗ???蝵桐蜓??06_銝??蝬脤?_?眾撅望??箸瘣餃?隞撅內.png","C:\Users\eric0\OneDrive\桌面\森映堂\SYT_Official_Website\docs\design\zip-imports\complete-named-safe\07-mockup-02-06.png"
"璉格?_Mockup??蝝?_摰?賢???02_?Ｗ???蝵桐蜓??04_?Ｗ?撅內_?批飯?征銝剔??芯?隞撅.png","C:\Users\eric0\OneDrive\桌面\森映堂\SYT_Official_Website\docs\design\zip-imports\complete-named-safe\08-mockup-02-04.png"
"璉格?_Mockup??蝝?_摰?賢???02_?Ｗ???蝵桐蜓??05_SEO敶Ｚ情摰雯_憭?撅勗?銝剔?撱箇?蝬脩?撅內.png","C:\Users\eric0\OneDrive\桌面\森映堂\SYT_Official_Website\docs\design\zip-imports\complete-named-safe\09-mockup-02-05-seo.png"
"璉格?_Mockup??蝝?_摰?賢???02_?Ｗ???蝵桐蜓??03_鋆蔭隞撅內_璆萄?撅勗?銝剔??芯?鋆蔭隞.png","C:\Users\eric0\OneDrive\桌面\森映堂\SYT_Official_Website\docs\design\zip-imports\complete-named-safe\10-mockup-02-03.png"
"璉格?_Mockup??蝝?_摰?賢???02_?Ｗ???蝵桐蜓??02_?鋆蔭撅內_?征撅梯健銝剔?蝘?鋆蔭.png","C:\Users\eric0\OneDrive\桌面\森映堂\SYT_Official_Website\docs\design\zip-imports\complete-named-safe\11-mockup-02-02.png"
"璉格?_Mockup??蝝?_摰?賢???02_?Ｗ???蝵桐蜓??01_?Ｗ?蝮質汗Hero_璆萄?撅勗?銝剔?蝘?鋆蔭撅內.png","C:\Users\eric0\OneDrive\桌面\森映堂\SYT_Official_Website\docs\design\zip-imports\complete-named-safe\12-mockup-02-01-hero.png"
"璉格?_Mockup??蝝?_摰?賢???04_瘣餃?DM?恐?喳?/02_瘣餃?DM銝??_憭Ｗ劂銝_韐旨?瘚瑁??.png","C:\Users\eric0\OneDrive\桌面\森映堂\SYT_Official_Website\docs\design\zip-imports\complete-named-safe\13-02-dm.png"
"璉格?_Mockup??蝝?_摰?賢???04_瘣餃?DM?恐?喳?/01_瘣餃?DM銝??_憭Ｗ劂??銝?銝駁?瘚瑕.png","C:\Users\eric0\OneDrive\桌面\森映堂\SYT_Official_Website\docs\design\zip-imports\complete-named-safe\14-01-dm.png"
"璉格?_Mockup??蝝?_摰?賢???06_獢?_Blog_????01_獢??澆?_撅望??蔣銝剔?憭??暑?潭.png","C:\Users\eric0\OneDrive\桌面\森映堂\SYT_Official_Website\docs\design\zip-imports\complete-named-safe\15-mockup-06-blog-01.png"
"璉格?_Mockup??蝝?_摰?賢???06_獢?_Blog_????02_Blog???撅望蝒???極雿?.png","C:\Users\eric0\OneDrive\桌面\森映堂\SYT_Official_Website\docs\design\zip-imports\complete-named-safe\16-mockup-06-blog-02-blog.png"
"senying_mockup_assets/憭Ｗ劂??銝?銝駁?瘚瑕_carousel.png","C:\Users\eric0\OneDrive\桌面\森映堂\SYT_Official_Website\docs\design\zip-imports\first-batch-safe\01-carousel.png"
"senying_mockup_assets/?征撅梯健銝剔?蝘?鋆蔭.png","C:\Users\eric0\OneDrive\桌面\森映堂\SYT_Official_Website\docs\design\zip-imports\first-batch-safe\02-image-2.png"
"senying_mockup_assets/?撅勗?銝剔??芯?蝘?隞撅?.png","C:\Users\eric0\OneDrive\桌面\森映堂\SYT_Official_Website\docs\design\zip-imports\first-batch-safe\03-image-3.png"
"senying_mockup_assets/?芯??ai_?批捆???銵冽.png","C:\Users\eric0\OneDrive\桌面\森映堂\SYT_Official_Website\docs\design\zip-imports\first-batch-safe\04-ai.png"
"senying_mockup_assets/璆萄?撅勗?銝剔??芯?鋆蔭隞.png","C:\Users\eric0\OneDrive\桌面\森映堂\SYT_Official_Website\docs\design\zip-imports\first-batch-safe\05-image-5.png"
"senying_mockup_assets/?芯?????鞈潛?湔.png","C:\Users\eric0\OneDrive\桌面\森映堂\SYT_Official_Website\docs\design\zip-imports\first-batch-safe\06-image-6.png"
"senying_mockup_assets/璆萄?撅勗?銝剔?蝘?鋆蔭撅內.png","C:\Users\eric0\OneDrive\桌面\森映堂\SYT_Official_Website\docs\design\zip-imports\first-batch-safe\07-image-7.png"
