"Folder","FileName","RelativePath","WebPath","SizeKB"
"apps\marketing\public\images\backgrounds","mountain-bright-bg.png","apps\marketing\public\images\backgrounds\mountain-bright-bg.png","/images/backgrounds/mountain-bright-bg.png","2056"
"apps\marketing\public\images\backgrounds","mountain-dark-bg.png","apps\marketing\public\images\backgrounds\mountain-dark-bg.png","/images/backgrounds/mountain-dark-bg.png","2008.9"
"apps\marketing\public\images\hero","home-hero-platform-ui.png","apps\marketing\public\images\hero\home-hero-platform-ui.png","/images/hero/home-hero-platform-ui.png","1889.8"
"apps\marketing\public\images\products\ecommerce-website","product-ecommerce-website-hero.png","apps\marketing\public\images\products\ecommerce-website\product-ecommerce-website-hero.png","/images/products/ecommerce-website/product-ecommerce-website-hero.png","1568"
"apps\marketing\public\images\products\landing-page","product-landing-page-hero.png","apps\marketing\public\images\products\landing-page\product-landing-page-hero.png","/images/products/landing-page/product-landing-page-hero.png","2117.3"
"apps\marketing\public\images\products\promo-page-design","13-02-dm.png","apps\marketing\public\images\products\promo-page-design\13-02-dm.png","/images/products/promo-page-design/13-02-dm.png","2149.7"
"apps\marketing\public\images\products\promo-page-design","14-01-dm.png","apps\marketing\public\images\products\promo-page-design\14-01-dm.png","/images/products/promo-page-design/14-01-dm.png","1809"
"apps\marketing\public\images\products\promo-page-design","product-promo-page-design-hero.png","apps\marketing\public\images\products\promo-page-design\product-promo-page-design-hero.png","/images/products/promo-page-design/product-promo-page-design-hero.png","1809"
"apps\marketing\public\images\products\seo-article-generator","product-seo-article-generator-hero.png","apps\marketing\public\images\products\seo-article-generator\product-seo-article-generator-hero.png","/images/products/seo-article-generator/product-seo-article-generator-hero.png","1538.1"
"apps\marketing\public\images\products\seo-website","product-seo-website-hero.png","apps\marketing\public\images\products\seo-website\product-seo-website-hero.png","/images/products/seo-website/product-seo-website-hero.png","1903.4"
"apps\marketing\public\images\templates","template-showcase-devices.png","apps\marketing\public\images\templates\template-showcase-devices.png","/images/templates/template-showcase-devices.png","1682.2"
"apps\marketing\public\images\ui-mockups","01-mockup-05-seo-i-01-seo-i.png","apps\marketing\public\images\ui-mockups\01-mockup-05-seo-i-01-seo-i.png","/images/ui-mockups/01-mockup-05-seo-i-01-seo-i.png","1538.1"
"apps\marketing\public\images\ui-mockups","02-mockup-05-seo-i-02-ai-ai.png","apps\marketing\public\images\ui-mockups\02-mockup-05-seo-i-02-ai-ai.png","/images/ui-mockups/02-mockup-05-seo-i-02-ai-ai.png","1549.1"
"apps\marketing\public\images\ui-mockups","05-mockup-01-hero-03-hero.png","apps\marketing\public\images\ui-mockups\05-mockup-01-hero-03-hero.png","/images/ui-mockups/05-mockup-01-hero-03-hero.png","1774.5"
"apps\marketing\public\images\ui-mockups","06-mockup-01-hero-02-hero.png","apps\marketing\public\images\ui-mockups\06-mockup-01-hero-02-hero.png","/images/ui-mockups/06-mockup-01-hero-02-hero.png","1889.8"
"apps\marketing\public\images\ui-mockups","07-mockup-02-06.png","apps\marketing\public\images\ui-mockups\07-mockup-02-06.png","/images/ui-mockups/07-mockup-02-06.png","2174.7"
"apps\marketing\public\images\ui-mockups","08-mockup-02-04.png","apps\marketing\public\images\ui-mockups\08-mockup-02-04.png","/images/ui-mockups/08-mockup-02-04.png","1963.6"
"apps\marketing\public\images\ui-mockups","09-mockup-02-05-seo.png","apps\marketing\public\images\ui-mockups\09-mockup-02-05-seo.png","/images/ui-mockups/09-mockup-02-05-seo.png","2017"
"apps\marketing\public\images\ui-mockups","10-mockup-02-03.png","apps\marketing\public\images\ui-mockups\10-mockup-02-03.png","/images/ui-mockups/10-mockup-02-03.png","1682.2"
"apps\marketing\public\images\ui-mockups","11-mockup-02-02.png","apps\marketing\public\images\ui-mockups\11-mockup-02-02.png","/images/ui-mockups/11-mockup-02-02.png","2117.3"
"apps\marketing\public\images\ui-mockups","12-mockup-02-01-hero.png","apps\marketing\public\images\ui-mockups\12-mockup-02-01-hero.png","/images/ui-mockups/12-mockup-02-01-hero.png","1903.4"
"apps\marketing\public\images\ui-mockups","15-mockup-06-blog-01.png","apps\marketing\public\images\ui-mockups\15-mockup-06-blog-01.png","/images/ui-mockups/15-mockup-06-blog-01.png","2294.4"
"apps\marketing\public\images\ui-mockups","16-mockup-06-blog-02-blog.png","apps\marketing\public\images\ui-mockups\16-mockup-06-blog-02-blog.png","/images/ui-mockups/16-mockup-06-blog-02-blog.png","1739.1"
"apps\marketing\public\images\ui-mockups","admin-dashboard-seo-score.png","apps\marketing\public\images\ui-mockups\admin-dashboard-seo-score.png","/images/ui-mockups/admin-dashboard-seo-score.png","1621.3"
"apps\marketing\public\images\ui-mockups","home-platform-ui-stack.png","apps\marketing\public\images\ui-mockups\home-platform-ui-stack.png","/images/ui-mockups/home-platform-ui-stack.png","1889.8"
"apps\marketing\public\images\ui-mockups","responsive-site-preview.png","apps\marketing\public\images\ui-mockups\responsive-site-preview.png","/images/ui-mockups/responsive-site-preview.png","1682.2"
"docs\design\source-images\zip-unclassified","03-02.png","docs\design\source-images\zip-unclassified\03-02.png",,"1642.5"
"docs\design\source-images\zip-unclassified","04-01-hero.png","docs\design\source-images\zip-unclassified\04-01-hero.png",,"1568"
"docs\design\zip-imports\complete-named-safe","01-mockup-05-seo-i-01-seo-i.png","docs\design\zip-imports\complete-named-safe\01-mockup-05-seo-i-01-seo-i.png",,"1538.1"
"docs\design\zip-imports\complete-named-safe","02-mockup-05-seo-i-02-ai-ai.png","docs\design\zip-imports\complete-named-safe\02-mockup-05-seo-i-02-ai-ai.png",,"1549.1"
"docs\design\zip-imports\complete-named-safe","03-02.png","docs\design\zip-imports\complete-named-safe\03-02.png",,"1642.5"
"docs\design\zip-imports\complete-named-safe","04-01-hero.png","docs\design\zip-imports\complete-named-safe\04-01-hero.png",,"1568"
"docs\design\zip-imports\complete-named-safe","05-mockup-01-hero-03-hero.png","docs\design\zip-imports\complete-named-safe\05-mockup-01-hero-03-hero.png",,"1774.5"
"docs\design\zip-imports\complete-named-safe","06-mockup-01-hero-02-hero.png","docs\design\zip-imports\complete-named-safe\06-mockup-01-hero-02-hero.png",,"1889.8"
"docs\design\zip-imports\complete-named-safe","07-mockup-02-06.png","docs\design\zip-imports\complete-named-safe\07-mockup-02-06.png",,"2174.7"
"docs\design\zip-imports\complete-named-safe","08-mockup-02-04.png","docs\design\zip-imports\complete-named-safe\08-mockup-02-04.png",,"1963.6"
"docs\design\zip-imports\complete-named-safe","09-mockup-02-05-seo.png","docs\design\zip-imports\complete-named-safe\09-mockup-02-05-seo.png",,"2017"
"docs\design\zip-imports\complete-named-safe","10-mockup-02-03.png","docs\design\zip-imports\complete-named-safe\10-mockup-02-03.png",,"1682.2"
"docs\design\zip-imports\complete-named-safe","11-mockup-02-02.png","docs\design\zip-imports\complete-named-safe\11-mockup-02-02.png",,"2117.3"
"docs\design\zip-imports\complete-named-safe","12-mockup-02-01-hero.png","docs\design\zip-imports\complete-named-safe\12-mockup-02-01-hero.png",,"1903.4"
"docs\design\zip-imports\complete-named-safe","13-02-dm.png","docs\design\zip-imports\complete-named-safe\13-02-dm.png",,"2149.7"
"docs\design\zip-imports\complete-named-safe","14-01-dm.png","docs\design\zip-imports\complete-named-safe\14-01-dm.png",,"1809"
"docs\design\zip-imports\complete-named-safe","15-mockup-06-blog-01.png","docs\design\zip-imports\complete-named-safe\15-mockup-06-blog-01.png",,"2294.4"
"docs\design\zip-imports\complete-named-safe","16-mockup-06-blog-02-blog.png","docs\design\zip-imports\complete-named-safe\16-mockup-06-blog-02-blog.png",,"1739.1"
